<?xml version="1.0" encoding="utf-8"?>
<extension type="plugin" group="cck_field_live" version="2.5" method="upgrade">
    <name>plg_cck_field_live_user_ip</name>
    <author>Ilya A.Zhulin</author>
    <authorEmail>ilya.zhulin@hotmail.com</authorEmail>
    <authorUrl>https://zhulinia.ru</authorUrl>
    <copyright>Please, make a link to source github when use this plugin.</copyright>
    <license>GNU General Public License version 2 or later.</license>
    <creationDate>26.12.2022</creationDate>
    <description>Get IP address to Live value//Получает IP адрес текущего пользователя. Ilya A.Zhulin aka ComeOn. July 2014-2022.</description>
    <version>2.0.0</version>

    <scriptfile>install/script.php</scriptfile>

    <files>
        <folder>assets</folder>
        <folder>install</folder>
        <folder>tmpl</folder>

        <filename plugin="user_ip">user_ip.php</filename>
        <filename>index.html</filename>
    </files>

    <languages folder="languages">
        <language tag="en-GB">en-GB/en-GB.plg_cck_field_live_user_ip.ini</language>
        <language tag="en-GB">en-GB/en-GB.plg_cck_field_live_user_ip.sys.ini</language>
    </languages>

    <config>
        <fields name="params" addfieldpath="/libraries/cck/construction/field">
            <fieldset name="basic">
                <field name="" type="spacer" hr="false" />
            </fieldset>

            <fieldset name="advanced">
                <field name="group" type="text" default="PLG_CCK_FIELD_LIVE_GROUP_USER" label="LIB_CCK_GROUP_LABEL" size="60" description="LIB_CCK_FIELD_LIVE_GROUP_DESC" />
                <field name="export" type="cckexport" default="" label="LIB_CCK_EXPORT_LABEL" description="LIB_CCK_FIELD_LIVE_EXPORT_DESC" />
            </fieldset>
        </fields>
    </config>
</extension>